work,workTitle,instance,instanceTitle,date,publication,notes
A1,Junkie,A,Junkie,1953,New York: Ace Books,"Softbound (no hardbound issued). {M&M A1a} Published under the pseudonym William Lee. Title on cover: Junkie: Confessions of an Unredeemed Drug Addict. Issued bound back-to-back with Maurice Helbrant’s Narcotic Agent. “For the protection of the reader, we have inserted occasional parenthetical notes [i.e., bracketed editor’s notes] to indicate where the author clearly departs from accepted medical fact or makes other statements in an effort to justify his actions.”—Publisher’s Note. Autograph note at end of Burroughs’ untitled typescript, examined at Columbia University’s Rare Books and Manuscripts Library: “End of Part I, Junk.” “There are major differences between this manuscript and the first [Ace] edition. This manuscript was used by Penguin Books in the issuing of their ‘unexpurgated’ edition of 1977 [below], despite which there are many differences, some important, between the manuscript and that version.”—Bookseller’s note laid in to Columbia’s typescript."
A1,Junkie,B,Junkie: Confessions of an Unredeemed Drug Addict,1957,London: Digit Books,Softbound (no hardbound issued). {M&M A1b}  Published under the pseudonym William Lee.  First standalone publication of Junkie.  Subsequently withdrawn and remaining copies pulped. [Miles] 
A1,Junkie,C,Junkie,1964,New York: Ace Books,"Foreword by Carl Solomon. (Ace Star, K202) Softbound (no hardbound issued). {M&M A1c}  1st separate U.S. publication, and 1st   1st state: .50¢ cover price; 2nd state: (Ace Star, 41841) and .60¢ cover price. [BeatBooks 51]    Reprinted in 1970 and 1973 (the latter with a different cover). [M&M] "
A1,Junkie,D,Junkie,1966,London: New English Library,"(The Olympia Press Travellers Companion Series, No. 114). Softbound (no hardbound issued). {M&M A1d}  Issued in clear tissue jacket. [PBA 327] In this edition, “Notes,” originally printed in the text (see A1A above), are printed in a separate section at the end—out of context and preceding the newly added “Glossary.” Reprinted in 1969 and 1972 with different covers. [M&M] "
A1,Junkie,E,Junkie,1973,London: David Bruce & Watson,"Foreword by Carl Solomon. Preface by Burroughs. Hardbound in dustjacket. {M&M A1e} Includes “Glossary.” “The first, and only, English-language edition in hardcover.” [BeatBooks 65]"
A1,Junkie,F,Junky,1977,"Harmondworth, England; New York: Penguin Books",With an introduction by Allen Ginsberg. 1st complete and unexpurgated ed. Softbound. Later 1977 printing with different cover design. [Shoaf 1] 
A1,Junkie,G,Junky,1999,London: Penguin-UK,
A1,Junkie,H,Junky,2002,London: Penguin,Softbound.
A1,Junkie,I,Junky: The Definitive Text of “Junk”,2003,New York: Penguin,"Edited and with an Introduction by Oliver Harris.  50th Anniversary ed. Softbound. “Apart from making just over a hundred small corrections or changes, this present edition adds to Junky approximately the same amount of new material (around four thousand words) as Junky added to Junkie, but the way it does is, and had to be, quite different.”—Introduction."
A1,Junkie,J,Junky: The Definitive Text of “Junk”,2012,New York: Grove Press/Atlantic Monthly,Edited and with an Introduction by Oliver Harris. Softbound. 
A1,Junkie,K,Junky: The Definitive Text of “Junk”,2012,London: Penguin,Edited and with an Introduction by Oliver Harris. Softbound.
A2,Naked Lunch,A,The Naked Lunch,1959,Paris: Olympia Press,"(The Travellers Companion Series, No. 76) Softbound in dustjacket (no hardbound issued). {M&M A2a} Dustjacket designed by Burroughs. First copies printed issued without dustjacket. [M&M] 1st printing comprised two “issues:” 1st issue: Price (“Francs: 1,500”) printed in lower right corner of back cover. 2nd issue: Price (“New Price NF 18”) stamped over old price in lower right corner of backcover, following the revaluation of the franc in January 1960. 2nd printing [not to be confused with the “second issue” of the first printing (above)] issued without dustjacket or decorative border around title page, and with price (“18 francs”) printed on back cover. 3rd printing (1965) issued without dustjacket or decorative border around title page, and with price (“Francs:h18”) printed on back cover."
A2,Naked Lunch,B,Naked Lunch,[1962],New York: Grove Press,"©1959. Hardbound in dustjacket. {M&M A2b}  “The text in this edition differs quite extensively from the Olympia first edition.” [BeatBooks 65] Includes, at beginning as “Introduction,” “Deposition: Testimony Concerning a Sickness” [originallypublished in Evergreen Review, Vol. 4, No. 11 (January-February 1960); see Section C below] and, at end as “Appendix,” “Letter from a Master Addict to Dangerous Drugs” [originally published in The British Journal of Addiction, Vol. 53, No. 2 (January 1957); see Section C below]. Some copies issued in wraparound band. [M&M] “First issue jacket [printed] with no zip code on rear panel and no roman [sic] numerals on lower spine nearback panel.” [PBA 327] 2nd printing: dustjacket identical to 1st printing; “second printing” noted on collation page. [Shoaf 1] 3rd–7th printings: lower-case Roman numeral printing enumeration on rear panel of dustjacket. [Shoaf 1] 8th–15th printings: lower-case Roman numeral printing enumeration on rear panel of dustjacket, GrovePress catalog number [GP 244] at bottom of spine, Zip code in publisher’s address. [Shoaf 1] 1. [Prospectus]. New York: Grove Press, [1962]. Pamphlet. {M&M F7} Contains reviews of and an excerpt from Naked Lunch. Reviews and comments by: Terry Southern, E. S. Seldon, John Ciardi, Norman Mailer, Robert Lowell, and Jack Kerouac. Limited to 100 copies. [PBA 198]"
A2,Naked Lunch,C,Naked Lunch,[n.d.],New York: Grove Press,"Hardbound in dustjacket. “Taiwan piracy of Grove Press first edition, smaller in both height and width than the Grove edition and thinner as well, but having the same dust jacket design, printed on cheap paper, some copies with Taiwan Booksellers’ stamp on rear leaf.” [Shoaf 1]"
A2,Naked Lunch,D,The Naked Lunch,1964,London: John Calder,"©1959. Hardbound in dustjacket. {M&M A2c} Cover photo of Burroughs by Ian Sommerville. Reprinted 1965 (3 times: February, March, August), 1966, and 1970."
A2,Naked Lunch,E,Naked Lunch,1966,New York: Grove Press,"1st Evergreen Black Cat ed. (An Evergreen Black Cat Book, BC-115) ©1959. Softbound (no hardbound issued). {M&M A2d} Includes, at beginning, “Naked Lunch on Trial: The Massachusetts Supreme Court Decision and Excerpts
from the Boston Trial” (an expansion of “The Boston Trial of Naked Lunch” [originally published in Evergreen Review, Vol. 9, No. 36 (June 1965); see Section C below]) and “Deposition: Testimony Concerning a Sickness” [originally published in Evergreen Review, Vol. 4, No. 11 (January-February 1960); see Section C below], and, at end as “Appendix,” “Letter from a Master Addict to Dangerous Drugs” [originally published in The British Journal of Addiction, Vol. 53, No. 2 (January 1957); see Section C below]. Reprinted several (17?) times. "
A2,Naked Lunch,F,The Naked Lunch,1968,London: Corgi Books,"©1959. Softbound (no hardbound issued). {M&M A2e} Reprinted in 1969, 1972, and 1974 (with different cover).  "
A2,Naked Lunch,G,Naked Lunch,[1973?],"Secaucus, N.J.: Castle Books","Hardbound in dustjacket, and softbound. {M&M A2f} "
A2,Naked Lunch,H,Naked Lunch,1973,New York: Ballantine Books,Softbound (no hardbound issued). {M&M A2g}
A2,Naked Lunch,I,The Naked Lunch,1982,London: John Calder,"With a Foreword by John Calder. (A Calderbook, CB 380) Softbound (no hardbound issued). “A new edition containing the ‘Ugh’ correspondence [originally printed in the Times Literary Supplement No.3,230 (23 January 1964); see Section C below].”—Cover."
A2,Naked Lunch,J,Naked Lunch,1984,New York: Grove Press,"With an introduction by Jennie Skerl. 25th Anniversary ed. ©1959. Hardbound in dustjacket. Includes 500 numbered, signed copies issued without dustjacket in slipcase. "
A2,Naked Lunch,K,The Naked Lunch,1986,London: Paladin/Grafton Books,©1982. Softbound. Reprinted in 1990 and 1992 (with different cover and titled: Naked Lunch). 
A2,Naked Lunch,L,Naked Lunch,1990,New York: Grove Press,Softbound (no hardbound issued). 
A2,Naked Lunch,M,Naked Lunch,1992,New York: Grove Press,"1st Evergreen ed. ©1990. Softbound (no hardbound issued). Includes, at the beginning as “Introduction,” “Deposition: Testimony Concerning a Sickness” [originally published in Evergreen Review, Vol. 4, No. 11 (January-February 1960); see Section C below]” and “Afterthoughts on a Deposition” (October 1991); and, at the end as “Appendix,” “Letter from a Master Addict to Dangerous Drugs” [originally published in The British Journal of Addiction, Vol. 53, No. 2 (January 1957); see Section C below]. Reprinted several times, including in 2000 with an Introduction by Terry Southern."
A2,Naked Lunch,N,Naked Lunch,1993,London: Flamingo,Introduction by J.G. Ballard. Softbound. 
A2,Naked Lunch,O,Naked Lunch,2001,London: Flamingo,Softbound. Printed separately and as part of nine-volume box set titled The Swinging Sixties. 
A2,Naked Lunch,P,Naked Lunch: The Restored Text,[2003?],New York: Grove Press,"Edited by James Grauerholz and Barry Miles. 1st ed. ©2001. Hardbound in dustjacket, and softbound. “... corrects numerous textual errors accumulated over the years. ... also incorporates Burroughs’s ownnotes on the text, all the accompanying essays that he added to later editions [i.e., to editions later than the first, but preceding this edition], and ... an appendix of abundant, newly discovered material and alternate drafts from the original manuscript ...”—Dustjacket."
A2,Naked Lunch,Q,Naked Lunch: The Restored Text,[n.d. (2007?)],London: Paperview/Harper Perennial,"Edited by James Grauerholz and Barry Miles. With an Introduction by John Walsh. (Banned Books; 14) ""Includes the accompanying essays that Burroughs added to later editions, but omits the editors' note and the newly discovered material and outtakes which appear in the edition above."" [BeatBooks 59]"
A2,Naked Lunch,R,Naked Lunch: The Restored Text,[2009],New York: Grove Press,"Edited by James Grauerholz and Barry Miles. Afterword by David L. Ulin. 50th Anniversary ed. ©2001. Hardbound, issued without dustjacket . Cover emulates colors and design of 1st edition, 1st printing dustjacket; slipcase emulates color of 1st edition cover."
A3,The Exterminator,A,The Exterminator,1960,San Francisco: Auerhahn Press,With Brion Gysin. Softbound (no hardbound issued). {M&M A4a} “This book was designed and printed by Dave L. Haselwood and James F. McIlroy ...”—Colophon.  Cover calligraphy by Brion Gysin.
A3,The Exterminator,B,The Exterminator,1967,San Francisco: Dave Haselwood Books,"2nd ed. ©1960; distributed by City Lights Books. Softbound (no hardbound issued). {M&M A4b}  New cover design, with calligraphy by Brion Gysin."
A4,Minutes To Go,A,Minutes To Go,[1960],[Paris]: Two Cities Editions,"With Sinclair Beiles, Gregory Corso, and Brion Gysin. Softbound (no hardbound issued). {M&M A3a}  “The first collection of cut-ups.” [BeatBooks 65] “Some [early] copies were issued with a white wraparound band ...” [M&M] Includes 10 numbered copies (of which only 5 were offered for sale), signed by the publisher and includinga manuscript page from each of the four authors. Not on “fine paper,” as M&M claims. [Shoaf 1]"
A4,Minutes To Go,B,Minutes To Go,1968,"San Francisco: Beach Books, Texts, & Documents",1st American ed.; distributed by City Lights Books. Softbound (no hardbound issued). {M&M A3b}
A5,The Soft Machine,A,The Soft Machine,1961,Paris: The Olympia Press,"(The Travellers Companion Series, No. 88) Softbound in dustjacket (no hardbound issued). {M&M A5a}   First version.  Dustjacket reproduces calligraphic drawing by Brion Gysin. All copies of the book were issued exactly the same. Some copies, however (so-called “second issue”), hada price change (“New Price NF18”) stamped (or added on sticker) on back cover at a later date."
A5,The Soft Machine,B,The Soft Machine,1966,New York: Grove Press,"Hardbound in dustjacket (no softbound issued). {M&M A5b} Second version. “Burroughs completely rewrote the text for this edition, partly as a response to criticisms that the first edition had been difficult to read.” [BeatBooks 48] “This constitutes the revised expanded edition advertised but never published by Olympia [Press].”[Am Here 3] 2nd printing, 1966. [BeatBooks 36]"
A5,The Soft Machine,C,The Soft Machine,1967,New York: Grove Press,"1st Evergreen Black Cat ed. (An Evergreen Black Cat Book, BC-131) ©1966. Softbound (no hardbound issued). {M&M A5c} "
A5,The Soft Machine,D,The Soft Machine: A Novel,1968,London: Calder and Boyars,"Rev. ed. Hardbound in dustjacket, and softbound. {M&M A5d and A5e} Third version: “... this final, definitive edition has been considerably revised by the author from the twoearlier versions.”—Dustjacket (rear)."
A5,The Soft Machine,E,The Soft Machine,1970,London: Corgi Books,Softbound (no hardbound issued). {M&M A5f} Reissued in 1974 with different cover. 
A5,The Soft Machine,F,The Soft Machine,1973,New York: Ballantine Books,Softbound (no hardbound issued). {M&M A5g}
A5,The Soft Machine,G,The Soft Machine,1988,London: Paladin/Grafton Books,Softbound. 
A5,The Soft Machine,H,The Soft Machine,1992,London: Flamingo,(A Flamingo Modern Classic) Softbound. Reissued in 2001 with different cover. 
A5,The Soft Machine,I,The Soft Machine,1992,New York: Grove Press,1st Evergreen ed. ©1966. Softbound (no hardbound issued). 
A5,The Soft Machine,J,The Soft Machine,2001,London: Flamingo,Softbound. 
A5,The Soft Machine,K,The Soft Machine: The Restored Text,2014,New York: Grove Press,"Edited and with an Introduction by Oliver Harris. Softbound (no hardbound issued). “3rd rev. ed.” “A book of The Cut-Up Trilogy.”—Spine. “This fourth [sic] edition includes everything published in the second edition while respecting the 1962 MS’s chapter divisions and restoring the cancelled chapter, entitled ‘Male Image Back In’ ... In the most visible change, this new editon also restores how material from the first edition appeared by putting back a thousand capital letters removed on the galleys in 1965.”—Introduction."
A6,The Ticket That Exploded,A,The Ticket That Exploded,1962,Paris: Olympia Press,"(The Travellers Companion Series, No. 91) Softbound with dustjacket (no hardbound issued). {M&M A6a}  First version. Dustjacket photo-collage by Ian Sommerville. “The sections entitled ‘In a Strange Bed’ and ‘The Black Fruit’ were written in collaboration with Michael Portman. The design on p. [183] is by Brion Gysin.”—[p. 4] A “new rev. and enl. ed.” planned by Olympia Press for publication in 1963 was never published."
A6,The Ticket That Exploded,B,The Ticket That Exploded,1967,New York: Grove Press,"Hardbound in dustjacket (no softbound issued). {M&M A6b} Second version—a rearrangement of the Olympia Press text, with additions and expansions, plus “The Invisible Generation.”"
A6,The Ticket That Exploded,C,The Ticket That Exploded,1968,New York: Grove Press,"(An Evergreen Black Cat Book, B-164) Softbound (no hardbound issued). {M&M A6c} Includes “The Invisible Generation.”"
A6,The Ticket That Exploded,D,The Ticket That Exploded,1968,London: Calder and Boyars,"Hardbound in dustjacket, and softbound. {M&M A6d&e} "
A6,The Ticket That Exploded,E,The Ticket That Exploded,1971,London: Corgi Books,Softbound (no hardbound issued). {M&M A6f} 
A6,The Ticket That Exploded,F,The Ticket That Exploded,1985,London: Calder,2nd ed. Softbound. “Preface to the New Edition” by John Calder.
A6,The Ticket That Exploded,G,The Ticket That Exploded,1987,New York: Grove Press,1st Evergreen ed. ©1967. Softbound (no hardbound issued). 
A6,The Ticket That Exploded,H,The Ticket That Exploded,1987,London: Paladin Books,Softbound. 
A6,The Ticket That Exploded,I,The Ticket That Exploded,1992,New York: Grove Weidenfeld ,Softbound. 
A6,The Ticket That Exploded,J,The Ticket That Exploded,2001,London: Flamingo,Softbound. 
A6,The Ticket That Exploded,K,The Ticket That Exploded: The Restored Text,2014,New York: Grove Press,"Edited and with an Introduction by Oliver Harris. Softbound (no hardbound issued). “2nd rev. ed.” “A book of The Cut-Up Trilogy.”—Spine. “This edition ends by making choices ... cutting “the invisible generation” [sic] essay as an appendix ofhistorical interest (key passages are referenced in the Notes; the full text is available elsewhere) and restoring the integration of Gysin’s calligraphy as the book’s great transcendent gesture.”—Introduction."
A7,Dead Fingers Talk,A,Dead Fingers Talk,1963,London: John Calder,"In association with Olympia Press. Hardbound in dustjacket (no softbound issued). {M&M A7a} “Dead Fingers Talk is not a book of selections but a new novel constructed out of these three earlier books [The Naked Lunch, The Soft Machine, and The Ticket That Exploded] together with some new material.”—Dustjacket. “Dustjacket reproduces an Ian Sommerville photo-collage of Burroughs’ Olympia Press editions.” [BeatBooks 51]"
A7,Dead Fingers Talk,B,Dead Fingers Talk,1966,London: Tandem Books,"Softbound (no hardbound issued). {M&M A7b&c} “A Tandem Book, T55” Reprinted (by Universal-Tandem) in 1970 with different cover. [M&M] "
A7,Dead Fingers Talk,C,Dead Fingers Talk,1977,London: W. H. Allen,(A Star Book) Softbound (no hardbound issued).
A8,The Yage Letters,A,The Yage Letters,1963,San Francisco: City Lights Books,"With Allen Ginsberg. Softbound (no hardbound issued).  {M&M A8a}  An epistolary novel.  “The 1953 letters were ... [originally] published in Big Table [No. 2 (Summer 1959)] and [No. 3 (1961)].Burroughs’ 1960 letter was in [The] Floating Bear No. 5 [(1961)]. ‘I am Dying, Meester?’ was in City LightsJournal No. 1 [(1963)].”—T.p. verso. (See Section C below)  2nd printing, 1965. 3rd printing, 1966."
A8,The Yage Letters,B,The Yage Letters,1975,San Francisco: City Lights Books,"2nd ed. Softbound (no hardbound issued). Expanded to include an additional letter, dated 10 July 1953, originally published in Black Mountain Review No. 7 (Autumn 1957). [See Section C below] "
A8,The Yage Letters,C,The Yage Letters,1988,San Francisco: City Lights Books,"3rd ed. Softbound (no hardbound issued). Expanded to include “Roosevelt After Inauguration,” originally published in The Floating Bear, No. 9 (1961). [See Section C below]"
A8,The Yage Letters,D,The Yage Letters,1990,San Francisco: City Lights Books,"4th [sic] ed. ©1975. Softbound (no hardbound issued). This actually appears to be a new printing of the 3rd ed., above. "
A8,The Yage Letters,E,The Yage Letters Redux,2006,San Francisco: City Lights Books,"Edited and with an Introduction by Oliver Harris. 4th ed. San Francisco: City Lights Books, 2006. Softbound (no hardbound issued). Expanded to include extensive Introduction, Appendices, and Notes. “Redux makes a large number of changes and corrections—around 250—most of which are small ... the Appendix section ... include[s] previously unpublished primary materials ...”—pp. xlvii-xlviii."
A9,The Coldspring News,A,The Coldspring News,1964,"[Flint, Michigan]: Fenian Head Centre Press","Broadside. “Issued simultaneously bound in [or tipped in] to The Spero, Vol. 1, No. 1 [(1965); See Section C below], and inunfolded state.” [Am Here 3]  Two printings [or states?]: one with copyright statement and date, one without."
A10,Nova Express,A,Nova Express,1964,New York: Grove Press,Hardbound in dustjacket (no softbound issued).  {M&M A10a}
A10,Nova Express,B,Nova Express,1965,New York: Grove Press,"1st Evergreen Black Cat ed. (An Evergreen Black Cat Book, BC-102) Softbound (no hardbound issued). {M&M A10b} "
A10,Nova Express,C,Nova Express,1966,London: Jonathan Cape,©1964. Hardbound in dustjacket (no softbound issued). {M&M A10c} 
A10,Nova Express,D,Nova Express,1968,London: Panther Books/Granada Publishing,"(Panther Science Fiction) Softbound (no hardbound issued). {M&M A10df} Reprinted in 1969 and 1972 with different covers (per M&M), in 1978, and in 1982 (per Shoaf 1). 1978 printing: title misspelled as Nova Expresss on title page. "
A10,Nova Express,E,Nova Express,1992,New York: Grove Press,1st Evergreen ed. 
A10,Nova Express,F,Nova Express: The Restored Text,2014,New York: Grove Press,"Edited and with an Introduction by Oliver Harris.  ©2013. Softbound (no hardbound issued). “1st rev. ed.”“A book of The Cut-Up Trilogy.”—Spine. “Apart from giving the opening sections of each chapter their own titles, the roughly one hundred changesfor this edition mainly correct typos or restore Burroughs’ punctuation (including his occasional use of double colons) and are conventionally based (i.e., supported by multiple manuscript witnesses). The notes detail key changes, comment on apparent errors and twilight zone cases and introduce the richest possible selection of archival material to reveal revisions over time and the intricacy of Burroughs’ working methods.”—Introduction."
A11,Pry Yourself Loose And Listen ...,A,Pry Yourself Loose And Listen ...,1964,Tangier: Ira Cohen,"Softbound (no hardbound issued).  Title from cover. “... collects all the Burroughs appearances in Ira Cohen’s legendary magazine Gnaoua from 1964 ...” [See Section C below]—Jed Birmingham in Reality Studio, http://realitystudio.org/bibliographic-bunker/pry- yourself-loose-and-listen/ (accessed 24 Sept 2015)."
A12,Roosevelt After Inauguration,A,Roosevelt After Inauguration,1964,New York: Fuck You Press,"Staplebound mimeograph  (no hardbound issued). {M&M A9a}  Covers by Allen Ginsberg.   Published under the pseudonym Willy Lee.  First separate publication of material suppressed from The Yage Letters and originally published in  The Floating Bear, No. 9 (1961). [See Section C below]  Limited to 500 copies. [PBA, 233] “Some copies ... released ... with the spines not stapled.” [Shoaf 1]"
A13,APO-33 Bulletin: A Metabolic Regulator,A,"Health Bulletin: APO-33, A Metabolic Regulator. A Report on the Synthesis of the Apomorphine Formula",1965,New York: Fuck You Press,"(Burroughs Monograph, 1) Staplebound.  {M&M A12a} “...aborted edition ... about 10 or 20 of which were distributed before the edition was abandoned.” [Red House 4] “If 10 or 20 copies did exist [as Fuck You Press publisher Ed Sanders claimed], far fewer have been accounted for.” [Skyline] “... that edition had hand-glued photographs to each copy ...” [Am Here]"
A13,APO-33 Bulletin: A Metabolic Regulator,B,APO-33 Bulletin: A Metabolic Regulator,[1966?],"[San Francisco]: Beach Books, Texts, & Documents","Collection compiled by Mary Beach and Claude Pélieu. [San Francisco]: Beach Books, Texts, & Documents, [1966?]; distributed by City Lights. Staplebound (no hardbound issued). {M&M A12b} “Number One.” Lacks “Locked Out of Time” and “Apomorphine Statement 2” from Health Bulletin: APO-33, A Metabolic Regulator: A Report on the Synthesis of the Apomorphine Formula, above. “First Burroughs-approved edition.” [PBA 198] Reprinted, 1967."
A13,APO-33 Bulletin: A Metabolic Regulator,C,APO-33 Bulletin: A Metabolic Regulator,1968,"[San Francisco]: Beach Books, Texts, & Documents",Distributed by City Lights. Staplebound (no hardbound issued). {M&M A12c} “Number One.” “Second printing.”
A14,The Invisible Generation,A,The Invisible Generation,1965,London: [n.p.],Folio broadside. “... printed in silver ink. Only 80 copies were produced—less [sic] were distributed.” [Am Here 3]
A15,Time,A,Time,1965,New York: “C” Press,"Hardbound, and softbound. {M&M A11a}  Cover by Burroughs. “... first printing appears in 4 editions: 4 copies hors commerce; 10 copies numbered [sic] A-J, hardbound, each containing an original [signed] manuscript page by Burroughs and an original [signed] drawing by Gysin,signed by both; 100 numbered and signed [by both] copies; 886 copies in a trade edition.”—T.p. “... the November 30, 1962 issue of Time magazine, with the title ‘India’s Lost Illusions,’ was apparently chosen by Burroughs for parody because that issue includes a savage review of Naked Lunch, as well as Burroughs’ other Olympia Press works, in which Burroughs and other Beat writers are put down as frauds.” [Shoaf 1]"
A15,Time,B,Time,[1972?],"Sussex, England: Urgency Press Rip-Off","Staplebound (no hardbound issued). {M&M A11b} “... bought [sic] for you ... using anarchist duplicator ... 5 runs of 99 copies each ...”—Cover verso. Legal-size mimeographed sheets, stapled. An admitted piracy, by Roy Pennington,of the “C” Press edition. [M&M] “Reproduces the contents of the first edition, though in slightly different order,and leaving out p. 9 of the original.” [BeatBooks 51] “Estimates are that only about 100 copies were actually distributed.” [Shoaf 1]"
A16,Valentines Day Reading,A,Valentines Day Reading,1965,New York: American Theatre for Poets,"Staplebound. {M&M F12} A mimeographed pamphlet containing a script (“Transcript of Dutch Schultz’s Last Words”) for a reading presented by the American Theatre for Poets on February 14, 1965, at the East End Theatre in New York. Unnumbered page at end: “The Coldspring News ... (William Burroughs, Editor) ... On the Back Porch of His Farm.”"
A17,So Who Owns Death TV?,A,So Who Owns Death TV?,1967,"San Francisco: Beach Books, Texts, & Documents","With Claude Pélieu and Carl Weissner. (A Black Bag Pamphlet) Distributed by City Lights Books. Staplebound (no hardbound issued). {M&M A13a}  Two printings:   one printed in black ink on white paper, with cover printed in black and red ink on white paper  (50¢ price);  one printed in silver ink on black paper, including cover (no price)."
A17,So Who Owns Death TV?,B,So Who Owns Death TV?,1967,"San Francisco: Beach Books, Texts, & Documents","[2nd expanded ed.] (A Black Bag Pamphlet) Staplebound (no hardbound issued). {M&M A13b} Includes photo of Claude Pélieu, two photo-collages by Jean-Jacques Lebel, and an illustration by Liam O'Gallagher. Printed in black ink on white paper, with cover printed in black and red ink on white paper (75¢ price). "
A17,So Who Owns Death TV?,C,So Who Owns Death TV?,[n.d.],"Birmingham, England: TOPY Heart","Softbound. Pirate edition, printed in black ink on white paper only and lacking the photo of Claude Pélieu from the original [i.e., 2nd expanded] ed. [BeatBooks 42]"
A18,"William Burroughs, Claude Pélieu, Bob Kaufman",A,"William Burroughs, Claude Pélieu, Bob Kaufman",1967,Paris: Éditions de L'Herne,"In French. Translation of Burroughs and Kaufman texts by Mary Beach and Claude Pélieu. (, No. Vivants 1: Etats-Unis) Paris: Éditions de LHerne, 1967. Softbound (no hardbound issued). {M&M D11}  Includes 55 copies with uncut signatures - numbered 1-40 and lettered A-O with lithograph by Jean Hélion.  Cover title: L’Herne Textes: Burroughs, Pélieu, Kaufman.  Includes the first French translation of Nova Express and two previously unpublished letters from Burroughs to Pélieu. [Jordan Davies]   No equivalent U.S. or U.K. edition."
A18,"William Burroughs, Claude Pélieu, Bob Kaufman",B,"William Burroughs, Claude Pélieu, Bob Kaufman",1998,Paris: Éditions de L'Herne,Softbound.
A19,Scientology Revisited,A,Scientology Revisited,1968?,[n.p.],"Staplebound pamphlet.  Four-color glossy wraps; 2 staples.  “... by William S. Burroughs, author of Naked Lunch.”—cover.  “Excerpted from Mayfair magazine [Vol. 3, No. 1 (January 1968); See Section C below] as a free publicservice.”—Inside back cover. “For further information contact Scientology East, 122 76th St.”—Back cover."
A19,Scientology Revisited,B,Scientology Revisited,1969?,[n.p.],"Staplebound pamphlet. B&W matte wraps; 1 staple. “... by William S. Burroughs, author of Nova Express, The Soft Machine.”—cover. “Reprinted from Mayfair magazine [Vol. 3, No. 1 (January 1968); See Section C below] as a free publicservice.”—Back cover. Text substantially altered from 1968 version, above."
A20,Apomorphine,A,Apomorphine,1969,Paris: Éditions de L'Herne,"In French; Translated by Mary Beach and Claude Pélieu. (Les Livres Noirs) Softbound (no hardbound issued). {M&M D14}   ncludes translations of “Apomorphine,” “The Day the Records Went Up,” “Coldspring News,” “The Conspiracy,” “Exterminator!,” “Parenthetically 7 Hertz,” and “Chappaqua, a Film by Conrad Rooks.” No equivalent U.S. or U.K. edition."
A21,The Dead Star,A,The Dead Star,1969,San Francisco: Nova Broadcast Press,"(Nova Broadcast, No. 5) Distributed by City Lights Books. Staplebound (no hardbound issued). {M&M A14a}  Pamphlet with long folding broadside tipped in.   First standalone publication of piece that originally appeared in a different form in The Dead Star, No. 13  (August 1965). [See Section C below] Variant printing exists with copyright page blank and “©1969 by William Burroughs” in holograph on first page of text. [Atticus]
"
A22,The Last Words of Dutch Schultz,A,The Last Words of Dutch Schultz,1970,London: Cape Goliard Press,"1st ed.  London: Cape Goliard Press, 1970.  Hardbound in dustjacket, and softbound. {M&M 17a&b}  Hardbound printing includes 100 numbered copies signed by Burroughs, in unprinted glassine dustjacket."
A22,The Last Words of Dutch Schultz,B,The Last Words of Dutch Schultz: A Fiction in the Form of a Film Script,1975,New York: Viking Press,"Hardbound in dustjacket. “A Richard Seaver book.”—T.p. “First American edition, extensively revised and augmented with reproductions of police photographs,and more exacting film directions.” [Ursus]"
A22,The Last Words of Dutch Schultz,C,The Last Words of Dutch Schultz: A Fiction in the Form of a Film Script,1981,New York: Seaver Books,1st paperbound ed. ©1975; distributed by Grove Press. Softbound. 
A22,The Last Words of Dutch Schultz,D,The Last Words of Dutch Schultz: A Fiction in the Form of a Film Script,1986,London: John Calder,Softbound. 
A22,The Last Words of Dutch Schultz,E,The Last Words of Dutch Schultz: A Fiction in the Form of a Film Script,1993,New York: Arcade,©1975. Softbound.
A23,Ali's Smile,A,Ali's Smile,1971,"Brighton, England: Unicorn Books","Brighton, England: Unicorn Books, 1971. Hardbound, issued without dustjacket in Side A, white; Side B, black;  matrix number: UB LP 1 A S/S].  {M&M A19a}  A section of the novel Exterminator!, below.  Limited to 99 numbered copies signed by Burroughs, “of which ... numbers 1 to 99 are hors commerce.” Side A of record features Burroughs reading second draft of text. “According to the publisher, a good many of the [LP] records were destroyed by heat, so not all copies ofthe book were accompanied by the record.” [Skyline] “There were probably less [sic] than 50 full sets distributed including a number of which went to libraries.”[Shoaf 1 (quoting the publisher)]"
A23,Ali's Smile,B,Ali's Smile,1973,Göttingen: Expanded Media Editions,"(e.m.e., 12) In English and German; German translation by Carl Weissner. 1st ed. Göttingen: Expanded Media Editions, 1973. Softbound (no hardbound issued). Includes 100 numbered copies signed by Burroughs. Printed in green on ochre paper, on recto only."
A24,Electronic Revolution 1970-71,A,Electronic Revolution 1970-71,1971,Cambridge: Blackmoor Head Press,"In English and French; French translation by Jean Chopin. cover: original drawings by Brion Gysin. Lay-Out: Henri Chopin. (Collection OU, No. 2) Printed at the Blackmoor Head Press, 1971. Softbound (no hardbound issued).  {M&M A21a}  501 lettered/numbered copies: one signed by Burroughs, on special paper, lettered “A,” in cardboard wallet containing all manuscripts and two silkscreens signed by Brion Gysin; 50 signed by Burroughs, on Hayle paper, numbered 1–50, issued loose in cardboard folder along with two silkscreens signed by Brion Gysin in a separate folder, in publisher’s slipcase with printed paper label; 450 softbound and numbered 51–500. At least one unnumbered copy is known to exist. 1. [Prospectus]. In English and French. Ingatestone, Essex: OU, [1971.] 81⁄2” x 13” sheet,folded once. Includes extract “..... Ten tape recorders strapped under their coats .../”, in English and French."
A24,Electronic Revolution 1970-71,B,Die elektronische Revolution = Electronic Revolution,1972,Göttingen: Expanded Media Editions,"In German and English. German translation by Carl Weissner. (e.m.e.; 1) Softbound in dustjacket (no hardbound issued). Limited to 900 trade edition copies, plus 100 numbered and signed copies. NOTE: Berg collection at NYPL holds one unnumbered, signed copy. 1. [Prospectus]. Göttingen: Expanded Media Editions, 1972. Pamphlet, folded in thirds. Features a photograph of Burroughs, and German and English description of, and quote from, the title."
A24,Electronic Revolution 1970-71,C,Die elektronische Revolution = Electronic Revolution,1976,[Bonn]: Expanded Media Editions,"In German and English. German translation by Carl Weissner. 2nd ed., exp. Softbound (no hardbound issued). Includes “Feedback from Watergate to the Garden of Eden.” German and English text bound tête-bêche. "
A24,Electronic Revolution 1970-71,D,Die elektronische Revolution = Electronic Revolution,1982,[Bonn]: Expanded Media Editions,"In German and English. German translation by Carl Weissner. 3rd ed., exp. Softbound. Includes “Feedback from Watergate to the Garden of Eden.” German and English text bound tête-bêche. "
A24,Electronic Revolution 1970-71,E,Die elektronische Revolution = Electronic Revolution,1991,Bonn: Expanded Media Editions,In German and English. 5th ed. Softbound. German and English text bound tête-bêche. 
A24,Electronic Revolution 1970-71,F,Die elektronische Revolution = Electronic Revolution,1994,Bonn: Expanded Media Editions,In German and English. 8th ed.  ©1976. Softbound (no hardbound issued). German and English text bound tête-bêche. 
A24,Electronic Revolution 1970-71,G,Die elektronische Revolution = Electronic Revolution,1996,Bonn: Expanded Media Editions,In German and English. 9th ed. Softbound. German and English text bound tête-bêche. 
A24,Electronic Revolution 1970-71,H,Die elektronische Revolution = Electronic Revolution,1998,Bonn: Expanded Media Editions,In German and English. 10th ed. Softbound. German and English text bound tête-bêche. 
A24,Electronic Revolution 1970-71,I,Die elektronische Revolution = Electronic Revolution,2000,Bonn: Expanded Media Editions,In German and English. 11th ed. Softbound. German and English text bound tête-bêche.
A25,Jack Kerouac,A,Jack Kerouac,1971,[Paris]: Éditions de L'Herne,"With Claude Pélieu. In French. (Les Livres Noirs) Softbound (no hardbound issued). {M&M A18a}  A memorial to Kerouac, with interviews, poems, and prose by Kerouac, Burroughs, Ginsberg, Alfred Aranowitz, and Pélieu. Includes “Épitaphe pour un Beatnik,” first published in Le Nouvel Observateur, No. 260(3–9 November 1969). [See Section C below]  No equivalent English-language edition."
A26,The Wild Boys: A Book of the Dead,A,The Wild Boys: A Book of the Dead,1971,New York: Grove Press,Hardbound in dustjacket. {M&M A20a} 
A26,The Wild Boys: A Book of the Dead,B,The Wild Boys: A Book of the Dead,1972,London: Calder & Boyars,"©1971. Hardbound in dustjacket, and softbound. {M&M A20b&c} "
A26,The Wild Boys: A Book of the Dead,C,The Wild Boys: A Book of the Dead,1972,New York: Grove Press,Softbound (no hardbound issued). {M&M A20d} “Later printings of this edition had the Grove Press/Evergreen Black Cat publisher’s design and number (B-370) ...” [M&M]
A26,The Wild Boys: A Book of the Dead,D,The Wild Boys: A Book of the Dead,1973,[London]: Corgi Books,Softbound (no hardbound issued). {M&M A20e} 
A26,The Wild Boys: A Book of the Dead,E,The Wild Boys: A Book of the Dead,1982,London: John Calder,"(A Calderbook, CB 258) Softbound. "
A26,The Wild Boys: A Book of the Dead,F,The Wild Boys: A Book of the Dead,1992,New York: Grove Press,1st Evergreen ed. ©1971. Softbound.
A27,Exterminator!,A,Exterminator! A Novel,1973,New York: Viking Press,"Hardbound in dustjacket (no softbound issued).  {M&M A23a}   “Portions of this volume have been previously published, in somewhat different form, in the followingpublications: Antaeus, Atlantic Monthly, Cavalier, Daily Telegraph (London), Esquire, Evergreen Review, The Expatriate Review, Mayfair, Rolling Stone, [and] The Village Voice.”—T.p. verso."
A27,Exterminator!,B,Exterminator! A Novel,1974,London: Calder and Boyars,"(A Calderbook; CB 294) Hardbound in dustjacket, and softbound. "
A27,Exterminator!,C,Exterminator! A Novel,1974,New York: Viking Press,Viking Compass ed. (A Viking Compass Book; C 575) Softbound. 
A27,Exterminator!,D,Exterminator!,1976,London: Corgi Books,Softbound (no hardbound issued).
A27,Exterminator!,E,Exterminator!,1979,New York: Penguin Books,"©1973. Softbound. Reprinted 1981, 1985 (different cover)."
A27,Exterminator!,F,Exterminator!,1984,London: Calder and Boyars,Softbound (no hardbound issued).
A28,Mayfair Acadamy [sic] Series <More or Less>,A,Mayfair Acadamy [sic] Series <More or Less>,1973,"Brighton, England: Urgency Press Rip-Off","Staplebound (no hardbound issued). {M&M A25a} Collects ten “Bulletins ... written as part of a series entitled ‘The Burroughs Acadamy’ [sic] for the magazineMayfair, along with “related articles [by Burroughs] from other mags.”—p. 2. [See Section C below] Limited to 650 copies printed on different colored papers."
A29,Port of Saints,A,Port of Saints,"1973 [i.e., 1975]","London: Covent Garden Press Limited; Ollon, Switzerland: Am Here Books","Limited 1st ed. . Hardbound in dustjacket. Limited to 200 copies, including 100 numbered copies signed by Burroughs and issued in publisher's slipcase. “The t.p. says 1973, but publication was delayed by the London paper shortage. A re-working of Wild Boys material.” [Miles]"
A29,Port of Saints,B,Port of Saints,1980,"Berkeley, Calif.: Blue Wind Press","1st [American] ed. Hardbound in dustjacket, and softbound. Lacks the illustrations in Covent Garden/Am Here ed., above. “This new edition ... has been extensively rewritten and revised by the author.”—T.p. verso. Hardbound ed. includes 200 numbered copies signed by Burroughs and issued in publisher’s slipcase. “All copies of the signed limited edition were issued in dustjackets with the upper left-hand corner clippedoff since the printed price was correct only for the hardbound trade edition and incorrect for the limitededition. They were clipped and sold at a higher price.” [Shoaf (eBay listing)] “The publisher reports that when the first printing hardcover sold out, they were getting ready to do thefourth printing of the softcover. So the second printing of the hardcover is actually labeled “fourth printing.” There were some leftover dust jackets from the first printing, so those were used with the “fourth printing” until they ran out. The “fourth printing” hardcover was still available from the publisher as late as 2002 but without the dust jacket.” [Shoaf 1]"
A29,Port of Saints,C,Port of Saints,1983,London: John Calder,"©1980. Hardbound in dustjacket, and softbound."
A30,White Subway,A,White Subway,1973,"London: Aloes seolA [i.e., Aloes Books]","Softbound (no hardbound issued). {M&M A24a}   First printing limited to 1,000 copies, including 25 numbered copies signed by Burroughs.   Second printing (also 1973) limited to 500 copies, with silver-gray covers. Per BeatBooks 42, includes variant issue, omitting title and author on upper wrapper and printing statement on lower wrapper.  Third printing: [1974?]"
A31,The Book of Breething,A,The Book of Breething [= Le Livre des Respirations = Het Boek der Ademhalingen],1974,"Ingatestone, Essex, England: OU-Editions","Drawings by Bob Gale. In English, French, and Dutch; French translation by Jean Chopin; Dutch translation by Jo Verbrugghen. Softbound (no hardbound issued). Limited to 400 copies, of which the colophon describes 50 copies as being numbered I through L in Roman numerals and signed by Burroughs “in de luxe presentation” and 350 copies as being numbered 1– 350. Per BeatBooks 36, none of the latter 350 copies were actually numbered and, per an eBay listing posted by Red Snapper Books (London), there is “the possibility that most copies were not distributed at publication.”"
A31,The Book of Breething,B,The Book of Breeething,1975,"Berkeley, Calif.: Blue Wind Press","Illustrations by Robert F. Gale. 1st [American] ed. (“An Overdrive Book”) Hardbound (issued without dustjacket), and softbound. Hardbound ed. limited to 250 copies. "
A31,The Book of Breething,C,The Book of Breeething,1980,"Berkeley, Calif.: Blue Wind Press","2nd [American] ed. Berkeley, Calif.: Blue Wind Press, 1980. Hardbound (issued without dustjacket), and softbound. Hardbound ed. includes 175 numbered copies signed by Burroughs."
A32,Snack,A,Snack,1975,London: Aloes Books,"With Eric Mottram. London: Aloes Books, 1975. Staplebound (no hardbound issued). Title on cover: Snack ...: Two Tape Transcripts. Contains the transcript of a radio broadcast made in 1964 by Mottram, including passages of Burroughs reading from his work, and the transcript of a conversation in 1973 between Burroughs, Mottram, Jim Pennington [the publisher], and Graham Dawes. “Part of this transcript [the first] appeared in Les Langues Modernes, Paris, 1965, with an introduction by Pierre Dommergues.”—p. 2."
A33,Verdelgen,A,Verdelgen,1975,[Holland]: Agathon,Softbound. “A Dutch collection of Burroughs material. There is no English-language equivalent of this title.” [Skyline]
A34,Cobble Stone Gardens,A,Cobble Stone Gardens,1976,"Cherry Valley, N.Y.: Cherry Valley Editions","1st ed. Hardbound (issued without dustjacket), and softbound. “A more important book than one might first suppose.” [Am Here 62] “A mixture of autobiographical fiction about the author’s youth and family in St. Louis and material drawn from Naked Lunch and The Wild Boys.” [BeatBooks 51] “50 copies hand bound by Michael Scott Cain numbered and signed by the author.”—[p. 54] “Although the colophon calls for ... [the hardbound ed.] ... to be numbered, we don't believe any copies actually were.” [Skyline]"
A35,The Retreat Diaries,A,The Retreat Diaries,1976,New York: City Moon,"With The Dream of Tibet by Allen Ginsberg. (City Moon Broadcast;  No. 3) Staplebound (no hardbound issued). “Printed in an edition of 2,000 copies with a limited edition of 100 [numbered/lettered and] wrapt [sic] in a 
color jacket, 26 of them signed and numbered [i.e., lettered] by the author.”—T.p. verso. The “color jacket” is a manila-colored clasp envelope with a die cut window in the front, behind which is
affixed a sticker that reads: “The cover lettering for this limited edition of one hundred copies ... is from the handwriting of the Author, William S. Burroughs.”"
A36,The Third Mind,A,Œuvre Croisée,1976,Paris: Flammarion,"With Brion Gysin. French translation by Gérard-Georges Lemaire and Christine Taylor. (Connections) True 1st ed. “Material on cut-ups, fold-ins, tape recorder experiments, and film. Originally conceived in the Chelsea Hotel in 1964-65 ...” [BeatBooks 65]"
A36,The Third Mind,B,The Third Mind,1978,New York: Viking Press,"[1st American ed.]. , 1978. Hardbound in dustjacket (no softbound issued). Announced for publication by Grove Press in 1970 but never released. First published as uvre Croissé, above."
A36,The Third Mind,C,The Third Mind,1979,London: J. Calder,"Hardbound in dustjacket, and softbound."
A36,The Third Mind,D,The Third Mind,1982,New York: Seaver Books,Softbound.
A37,Ali's Smile; Naked Scientology,A,Ali's Smile; Naked Scientology,1978,Bonn: Expanded Media Editions,"In German and English; translated into German and edited by Carl Weissner.  1st ed. Softbound (no hardbound issued).  Reprinted, 1985, 2000 (with new cover, per Shoaf 2)."
A38,Short Novels,A,Short Novels,1978,London: John Calder,
A39,Where Naked Troubadours Shoot Snotty Baboons,A,Where Naked Troubadours Shoot Snotty Baboons,1978,"Northridge, [UK]: Lord John Press","Illustrated by James R. Silke. Broadside.  Limited to 100 numbered and 26 lettered copies, signed by Burroughs and Silke. “... a fragment from a forthcoming novel, Cities of the Red Night ...”"
A40,Ah Pook Is Here,A,Ah Pook Is Here,1979,London: John Calder,"Hardbound in dustjacket.  Contains the texts of Ah Pook Is Here, The Book of Breeething, and Electronic Revolution, above. “Ah Pook Is Here was originally planned as a picture book modelled on the surviving Mayan codices.Malcolm McNeill [sic] was to do the illustrations, and I [Burroughs] was to provide the text ... However, owing partly to the expense of full-color reproduction, and because the book falls into neither the category of the conventional illustrated book nor that of a comix publication, there have been difficulties with the arrangements for the complete work ... Finally Malcolm McNeill [sic] and I have decided to publish the text without the artwork, still in hopes of seeing the eventual publication of this work that has been eight years in preparation.”—Preface. The illustrations for Ah Pook Is Here were published, without the text, in The Lost Art of Ah Pook Is Here: Images from the Graphic Novel (Seattle: Fantagraphics Books, 2012; see Section G below)."
A40,Ah Pook Is Here,B,Ah Pook Is Here,1979,London: John Calder; New York: Riverrun Press,"(A Calderbook, CB 371) Softbound."
A41,Blade Runner: A Movie,A,Blade Runner: A Movie,1979,"Berkeley, Calif.: Blue Wind Press","1st ed. Hardbound in dustjacket, and softbound. “The author wishes to thank Alan E. Norse, upon whose book The Bladerunner, characters and situations in this book are based.”—T.p. verso.  Unrelated to the 1982 feature film with the same title.   Hardbound ed. includes 100 numbered copies signed by Burroughs. "
A41,Blade Runner: A Movie,B,Blade Runner: A Movie,1986,"Berkeley, Calif.: Blue Wind Press","2nd ed. Softbound. Reprinted, 1994. "
A42,Doctor Benway: A [Variant] Passage from The Naked Lunch,A,Doctor Benway: A [Variant] Passage from The Naked Lunch,1979,"Santa Barbara, Calif.: Bradford Morrow","With a new introduction by Burroughs. Hardbound in dustjacket, and softbound.  “This edition ... published on the 20th anniversary of the original appearance of The Naked Lunch, consistsof 324 numbered copies in wrappers, 150 numbered copies signed by the author & bound in cloth & boards, & 26 lettered copies which are hors commerce [and signed by Burroughs, Patrick Reagh (the printer), and K. Anders (the illustrator)].”—[p. 45] “... the softbound wraps edition did not begin with number ‘1’ but rather with number ‘151.’ That is, after the run of the 150 signed hardbound copies.” [Shoaf 2] “... the first publication of the earliest known version of the Doctor Benway chapter from ... The Naked Lunch ...” [Publisher’s prospectus, below] “... taken from the original manuscript which had been left in the possession of Alan Ansen in Venice in the late 1950s and rediscovered by him in 1973.” [BeatBooks 65] 1. [Prospectus]. Santa Barbara, Calif.: Bradford Morrow, 1979. Letterpress-printed card on canary cardstock."
A43,Roosevelt After Inauguration and Other Atrocities,A,Roosevelt After Inauguration and Other Atrocities,1979,San Francisco: City Lights Books,"Roosevelt After Inauguration and Other Atrocities. San Francisco: City Lights Books, 1979. Softbound (no hardbound issued).  Cover and spine title: Roosevelt After Inauguration. Includes “A New Introduction” [TOC title: “Introduction”) by Burroughs, facsimiles of covers of theoriginal edition (above), plus three other routines: “When Did I Stop Wanting To Be President?,” “TheWhole Tamale,” and “Sects and Death.” 2nd printing (1980) includes frontispiece photo not present in 1st printing."
A44,Scrapbook 3,A,Scrapbook 3,[1979],[Geneva: Editions Claude Givaudan],"Limited to 30 numbered, signed copies.  manuscripts, photographs [Skyline] “Color facsimile of one of Burroughs’ personal scrapbooks, reproducing his handwritten and typedmanuscripts, photographs, newspaper articles, collages, etc.” [Skyline]"
A45,Wouldn't You Polish Pine Floors With a South African ...,A,Wouldn't You Polish Pine Floors With a South African ...,1979,"[St. Paul, Minn.]: Bookslinger","Broadside.  Limited to 125 numbered and 26 lettered copies, signed by Burroughs. “... printed at the Toothpaste Press for Bookslinger on the occasion of the author’s reading at the Walker Art Center, October 24, 1979.” Also issued as part of: 16 Broadsides: Walker Art Center Reading Series, 1979–1980 (St. Paul, Minn.: Bookslinger,1980)."
A46,The Soft Machine; Nova Express; The Wild Boys: Three Novels,A,The Soft Machine; Nova Express; The Wild Boys: Three Novels,1980,New York: Grove Press,"With an epilogue by Allen Ginsberg: an interview with William Burroughs.  1st Black Cat ed. Distributed by Random House. Softbound.  Reprinted, 1982."
A46,The Soft Machine; Nova Express; The Wild Boys: Three Novels,B,The Soft Machine; Nova Express; The Wild Boys: Three Novels,1988,New York: Grove Weidenfeld,1st Evergreen ed. ©1980. Softbound.  Lacks epilogue.
A47,Cities of the Red Night,A,Cities of the Red Night,1981,"New York: Holt, Rinehart, and Winston","1st ed. Hardbound in dustjacket.  Includes 500 numbered and 26 lettered copies, signed by Burroughs, issued without dustjacket in publishers slipcase.  “Grateful acknowledgment is made for use of a portion of ‘The Too Fat Polka’ by Ross MacLean and Arthur Richardson.”—T.p. verso."
A47,Cities of the Red Night,B,Cities of the Red Night,1981,London: John Calder,"Hardbound in dustjacket, and softbound. "
A47,Cities of the Red Night,C,Cities of the Red Night,1982,New York: H. Holt,1st Owl Book ed. (An Owl Book) ©1981. Softbound. 
A47,Cities of the Red Night,D,Cities of the Red Night,1982,London: Picador,Softbound. 
A47,Cities of the Red Night,E,Cities of the Red Night,1995,New York: H. Holt,2nd Owl Book ed. (An Owl Book) ©1981. Softbound. 
A47,Cities of the Red Night,F,Cities of the Red Night,2001,New York: Picador USA,F. 1st Picador USA ed. ©1981. Softbound (no hardbound issued).
A48,Early Routines,A,Early Routines,1981,"Santa Barbara, Calif.: Cadmus Editions","1st ed. Hardbound in tissue dustjacket, and softbound.  “... some of the earliest and hitherto uncollected & unpublished writings ... including a long ‘Interzone’passage from NAKED LUNCH which did not appear in either the Olympia or Grove Press editions ...”—Publisher’s catalogue. Limited to 125 numbered hardbound copies signed by Burroughs, with portrait by David Hockney on upper board; 26 lettered, specially bound hardbound copies signed by Burroughs and Hockney; and 349 numbered softbound copies, with photo of Burroughs by Ian Sommerville. [Skyline]"
A48,Early Routines,B,Early Routines,1982,"Santa Barbara, Calif.: Cadmus Editions","Trade ed. Hardbound, and softbound."
A49,Essais,A,Essais,1981-1984,Paris: Christian Bourgois Editeur,Translated and presented by Gérard-Georges Lemaire and Philippe Mikriammos. 2 vols. (Les Derniers Mots) Essays by and about Burroughs.  No equivalent English-language edition.
A50,The Streets of Chance,A,The Streets of Chance,1981,New York: Red Ozier Press,"Drawings by Howard Buchwald. Hardbound, issued without dust jacket.  Limited to 160 numbered copies signed by Burroughs and Buchwald.  “The Streets of Chance is a complete story found in the 1968 version [of The Soft Machine] and nowhere else.On 30 January 1981, Mr. Burroughs oversaw revisions of the text by James Grauerholz and Steve Miller, and this is that version.”—Colophon."
A51,Mummies,A,Mummies,1982,Düsseldorf; New York: Edition Gunnar A. Kaldewey,"With etchings by Carl Apfelschnitt. 1st ed. (Edition; Vol. 5) Hardbound with hand-made orange tissue guards inserted.  Limited to 75 copies, of which 70 are printed in black on Scheufelen paper (with etchings printed in black) and 5 are printed in gold on black Japanese paper (with etchings printed in red). All etchings are signed by the artist."
A52,Sinki's Sauna,A,Sinki's Sauna,1982,New York: Pequod Press,Illustrated by James Kearns. Staplebound (no hardbound issued).  Limited to 500 numbered copies.
A52,Sinki's Sauna,B,Sinki's Sauna,[1999?],[n.p.],"New York:  “An apparent piracy of the Pequod edition, printed on bond and bound in ... handmade paper but really just a photocopy of the original work.” [Shoaf 1] Limited to 50 copies. “Colophon notes ‘limited to only 50 copies,’ but less [sic] than 10 were actually printed.” [Shoaf 2]"
A53,A William Burroughs Reader,A,A William Burroughs Reader,1982,London: Pan Books/Picador,Edited by John Calder. Softbound (no hardbound issued).
A54,The Burroughs File,A,The Burroughs File,1984,San Francisco: City Lights Books,"Hardbound, and softbound. “Including complete texts from White Subway, Cobblestone Gardens, and The Retreat Diaries ... Also included areessays on Burroughs by Alan Ansen [“Whoever Can Pick Up a Frying Pan Owns Death”] and Paul Bowles [“Burroughs in Tangier”], and facsimile pages from the famous cut-up scrapbooks of the mid-century: The Book of Hours, John Brady’s Book, and The Old Farmer’s Almanac.”—Dustjacket. 2nd printing, 1991. 1. [Promotional Postcard]. San Francisco: City Lights Books, [1984?] Postcard."
A55,The Four Horsemen of the Apocalypse,A,The Four Horsemen of the Apocalypse = Die vier apokalyptischen Reiter,1984,Bonn: Expanded Media Editions,"Illustrated by Christof Kohlhöfer. In English and German. 1st German ed. Softbound (no hardbound issued). “Speech delivered 1980 at the occasion of the Institute of Ecotechnics’ ‘1980 Planet Earth Conference’ inAix-en-Provence.”—T.p. verso. Reprinted 1988, 1993, 1996, and 2003."
A56,The Place of Dead Roads,A,The Place of Dead Roads,1984,"New York: Holt, Rinehart, and Winston","©1983. Hardbound in dustjacket. “The original title of this book was The Johnson Family.”—Prefatory note. Includes 300 numbered and 26 lettered copies, signed by Burroughs, issued without dustjacket in publisher's slipcase. Two “issues” of first printing—one in brown cloth full binding with bronze spine lettering, one in orange-brown cloth quarter binding with silver spine lettering. [Shoaf 1] 1. [Press Kit]. New York: Holt, Rinehart and Winston, 1984. Full-color preview of dustjacket and photocopied “Brief Description” on HRW letterhead."
A56,The Place of Dead Roads,B,The Place of Dead Roads,1984,London: John Calder,"(A Calderbook; CB 410) ©1983. Hardbound in dustjacket, and softbound. "
A56,The Place of Dead Roads,C,The Place of Dead Roads,1985,"New York: Holt, Rinehart, and Winston",1st Owl Book ed. (An Owl Book) ©1983. Softbound. 
A56,The Place of Dead Roads,D,The Place of Dead Roads,1987,London: Paladin,1987. Softbound. 
A56,The Place of Dead Roads,E,The Place of Dead Roads,1994,London: Flamingo,1994. Softbound. Reprinted 2001. 
A56,The Place of Dead Roads,F,The Place of Dead Roads,1995,New York: H. Holt,2nd Owl Book ed. (An Owl Book) ©1983. Softbound. 
A56,The Place of Dead Roads,G,The Place of Dead Roads,2001,New York: Picador USA,1st Picador USA ed. ©1983. Softbound (no hardbound issued).
A57,Ruski,A,Ruski,1984,"Brooklyn, N.Y.: Hand-Job Press","Staplebound (no hardbound issued).  Limited to 500 numbered copies, printed on cardstock"
A57,Ruski,A,Ruski,1984,New York: Odd-Job Press,Staplebound (no hardbound issued). “An apparent piracy of the Hand-Job edition ...” [Shoaf 1] “... limited to 50 [numbered] copies bound in hand-made paper ...”—Colophon.
A58,The Adding Machine: Collected Essays,A,The Adding Machine: Collected Essays,1985,London: John Calder,"Hardbound in dustjacket, and softbound."
A58,The Adding Machine: Collected Essays,B,The Adding Machine: Selected Essays,1986,New York: Seaver Books,"1st American ed. Distributed by H. Holt. Hardbound in dustjacket. “Originally published in Great Britain under the title The Adding Machine: Collected Essays.”—T.p. verso. Includes “Bugger the Queen,” excluded from Calder ed. (above)."
A58,The Adding Machine: Collected Essays,C,The Adding Machine: Selected Essays,1993,New York: Arcade,1st Arcade paperback ed. Softbound.
A59,Queer,A,Queer,1985,New York: Viking/Penguin,"Written in 1953. Hardbound in dustjacket. “With grateful acknowledgement [sic] of the kind cooperation of Robert H. Jackson, and for his aid in thepublication of this book.”—T.p. verso. 1. [Press Release]. New York: Viking Penguin, [1985]. Two 81⁄2”x14” sheets, stapled once,folded twice."
A59,Queer,B,Queer,1986,London: Pan/Picador,"©1985. Hardbound in dustjacket, and softbound. "
A59,Queer,C,Queer,1987,New York: Penguin Books,©1985. Softbound. 
A59,Queer,D,Queer,1987,London: Picador,Softbound. 
A59,Queer,E,Queer,2010,New York: Penguin Books,"Edited and with an Introduction by Oliver Harris. 25th Anniversary ed. Softbound. “This new edition of Queer is based substantially on the same sources as the 1985 edition ...the mostsignificant differences lie not in the text itself but in its presentation ... First, I have preserved a little more of the roughness in Burroughs’ manuscript, not making a number of very small corrections ... And second, as well as reediting and retitling the epilogue (now, ‘Two Years Later: Mexico City Return’), and re-creating the ‘Panama’ chapter (chapter 7), I have made a number of short insertions of material that was either previously unused or unavailable—roughly five hundred words in the notes and just over a thousand in the text.”—Introduction."
A60,The Cat Inside,A,The Cat Inside,1986,New York: Grenfell Press,"Drawings by Brion Gysin. Hardbound. Limited to 133 numbered copies, all signed by Burroughs and Gysin: 1–115 bound in quarter vellum with red and black hand-painted paper over boards; i–xviii bound in full vellum with a Gysin drawing stamped in gold on the front cover, in quarter vellum clamshell box."
A60,The Cat Inside,B,The Cat Inside,1992,New York: Viking Penguin,"Hardbound (issued without dustjacket). “The Cat Inside, in different form, was published in a limited edition of 133 copies by The Grenfell Press in1986, with eight illustrations by Brion Gysin, including those that appear on the cover, title page, andendpapers of this edition.”—T.p. verso."
A60,The Cat Inside,C,The Cat Inside,2002,New York: Penguin Books,©1992. Softbound.
A61,From The Western Lands,A,From The Western Lands,1987,Santa Fe,"From The Western Lands. Santa Fe, N.M.: Casa Sin Nombre, 1987. Broadside.  Limited to 750 copies."
A62,The Western Lands,A,The Western Lands,1987,New York: Viking/Penguin,"The Western Lands. A. New York: Viking/Penguin, 1987. Hardbound in dustjacket. "
A62,The Western Lands,B,The Western Lands,1988,New York: Penguin Books,©1987. Softbound. 
A62,The Western Lands,C,The Western Lands,1988,London: Pan/Picador,"Hardbound in dustjacket, and softbound."
A63,Clause 27 Is Proposition 6 Is the Whole Tamale,A,Clause 27 Is Proposition 6 Is the Whole Tamale,[1989?],[n.p.]: The Horse Press,"Pamphlet. Issued with two different cover colors, green and blue. “Short text concerning the anti-gay Proposition 6 in the U.S., reprinted here in an abridged form in response to the Tories’ homophobic Clause 27 (which later became Clause 28).” [BeatBooks 51]"
A64,Interzone,A,Interzone,1989,New York: Viking Penguin,"Edited by James Grauerholz. “A collection of previously unpublished short stories, routines, letters, and notebook entries, dating from the mid-50s, rediscovered among Allen Ginsberg’s papers at Columbia University in 1984.” [BeatBooks 51] “’Interzone’ was the working title for ... Naked Lunch.”—Dustjacket. Includes “WORD,” “... that had been cut, save for a few scattered fragments, from the final manuscript of Naked Lunch.”—Dustjacket. Hardbound in dustjacket."
A64,Interzone,B,Interzone,1989,London: Picador,Hardbound in dustjacket.
A64,Interzone,C,Interzone,1990,New York: Penguin Books,Softbound.
A65,Tornado Alley,A,Tornado Alley,1989,"Cherry Valley, N.Y.: Cherry Valley Editions","Tornado Alley. Illustrations by S. Clay Wilson. 1st ed. Hardbound (issued without dustjacket), and softbound.  Hardbound edition limited to 400 copies, of which 90 are signed by Burroughs and 10 are signed by Burroughs and Wilson. 1. [Promotional Postcard] a. Berkeley, Calif.: Small Press Distribution, [1989?]. Illustrated postcard.  Features one of the illustrations in the volume, by S. Clay Wilson. b. Sudbury, Mass.: Water Row Books [distributor, 1989?]. Illustrated postcard on cream cardstock.  Features one of the illustrations in the volume, by S. Clay Wilson."
A66,Ghost of Chance,A,Ghost of Chance,1991,New York: Library Fellows of the Whitney Museum of American Art,"[Edited by James Grauerholz.] Illustrated by George Condo. Hardbound; handbound (issued without dustjacket in slipcase). Limited to 160 copies printed at the Grenfell Press, signed by Burroughs and Condo. 1. [Prospectus]. New York: Whitney Museum of American Art, 1991. Pamphlet. Features one of the illustrations in the volume, by George Condo. "
A66,Ghost of Chance,B,Ghost of Chance,1995,New York: Serpent’s Tail/High Risk Books,"Hardbound, issued without dustjacket. “First published in 1991 as a limited edition by the Library Fellows of the Whitney Museum of American Art.”—T.p. verso. Includes 125 numbered copies signed by Burroughs, issued in publisher’s slipcase with pullout ribbon. 1. [Promotional Poster]. [New York]: High Risk Books, [1995?] Poster."
A66,Ghost of Chance,C,Ghost of Chance,2002,London: Serpent’s Tail,Softbound.
A67,Painting & Guns,A,Painting & Guns,1992,"Madras, India; New York: Hanuman Books","(Hanuman Books; 46) Softbound in dustjacket (no hardbound issued). Includes “The Creative Observer,” which originated as an interview with Burroughs by Raymond Foye and Francesco Clemente, excerpts from which were originally published in a different form in the exhibition catalogue accompanying Burroughs’ first one-man show, 19 December–24 January 1988, at the Tony Shafrazi Gallery (see Section B below); and “The War Universe,” an interview with Burroughs by Foye, originally published in a slightly different form in Grand Street, Vol. 10, No. 1 (1991). [See Section C below]"
A68,Le Temps des Assassins,A,Le Temps des Assassins,1993,"Berguette, France: Station Underground d’Emerveillement Littéraire","(Collection du Starscrewer, 3) Originally published in The Starscrewer, No. 7 (1978) and No. 12 (1979).  French translation by Lucien Suel of Time of the Assassins, originally published in Crawdaddy in 1977 and 1978. (See Section C, below). No equivalent English-language edition."
A69,"Photos, and Remembering Jack Kerouac",A,"Photos, and Remembering Jack Kerouac",1994,"[Louisville, Ky.]: White Fields Press","1st ed. (Heaven Chapbook Series; No. 46) Limited to 250 copies, including 49 numbered and 26 lettered copies signed by Burroughs. Features photos of Burroughs by Ginsberg and Burroughs’ text about Kerouac, also published separately as a broadside titled Remembering Jack Kerouac, below."
A70,Remembering Jack Kerouac,A,Remembering Jack Kerouac,1994,"[Louisville, Ky.]: White Fields Press","(Heaven Poster Series; No. 10) Broadside. Limited to 500 copies signed by Burroughs, 49 of which are numbered and 26 of which are lettered."
A71,"Rien Que Des Mots, Ce Qui En Sort Rugit Sur Cette Page",A,"Rien Que Des Mots, Ce Qui En Sort Rugit Sur Cette Page",1994,"Caen, France: Cahiers de Nuit",Translated into French by Mary Beach and Claude Pélieu. Softbound. No equivalent English-language edition.
A72,Junky; Queer; Naked Lunch,A,Junky; Queer; Naked Lunch,1995,New York: Quality Paperbook Book Club,Softbound.
A73,My Education: A Book of Dreams,A,My Education: A Book of Dreams,1995,New York: Viking/Penguin,"Hardbound in dustjacket, and softbound.  “cover art collage derived from [3] paintings by William S. Burroughs” —Dustjacket."
A73,My Education: A Book of Dreams,B,My Education: A Book of Dreams,[1995],[London]: Picador,"1st British ed. Hardbound in dustjacket, and softbound."
A73,My Education: A Book of Dreams,C,My Education: A Book of Dreams,1996,New York: Penguin Books,©1995. Softbound (no hardbound issued).
A74,Pantopon Rose,A,Pantopon Rose,1995,"Charleston, W.Va.: Parchment Gallery Graphics, Department of Humanities, University of Charleston","Broadside.  Silkscreen print (from the authors handwriting) and colophon page enclosed in a printed folder, which is, in turn, enclosed in a printed envelope.  Limited to 60 numbered copies signed by Burroughs.  “The lyrics for the song ‘Pantopon Rose,’ written in January 1995, are based on a real character ... She appears in several of Burroughs’ books, including The Naked Lunch ...”"
A75,A Spiritual Exercise,A,A Spiritual Exercise,1998,"[Lawrence, Kansas?]: Kavyayantra Press",Broadside.  Limited to 200 copies.
A76,Word Virus: The William S. Burroughs Reader,A,Word Virus: The William S. Burroughs Reader,1998,New York: Grove Press,"Edited by James Grauerholz and Ira Silverberg, with an Introduction by Ann Douglas. A. 1st ed. , 1998. Hardbound in dustjacket, issued with compact disc bound in rear.  Includes a chapter from Burroughs’ previously unpublished novel written collaboratively with Jack Kerouac, And the Hippos Were Boiled in Their Tanks, below.  Compact disc: Selections from The Best of William Burroughs from Giorno Poetry Systems (also issued separately; see Section E below)."
A76,Word Virus: The William S. Burroughs Reader,B,Word Virus: The William S. Burroughs Reader,1999,London: Flamingo,(Modern Classic) Softbound.
A76,Word Virus: The William S. Burroughs Reader,C,Word Virus: The William S. Burroughs Reader,2000,New York: Grove Press,1st paperback ed. ©1998. Softbound.
A77,In Search of Yage: A William S. Burroughs Pictorial,A,In Search of Yage: A William S. Burroughs Pictorial,1999,"Forest Knolls, Calif.: Skyline Books","Softbound; handbound (no hardbound issued).  Contains three original b&w photographs, “... two of which are previously unpublished ... taken by an unknown person who accompanied Burroughs on his expedition through the Amazon.”—Colophon. “This edition consists of 26 lettered copies. The photographs were reproduced from the original negatives and are the only prints that will be made from these negatives.”—Colophon."
A78,Parler pour Joe,A,Parler pour Joe,2001,"Rouen, France: Derrière la Salle de Bains","Staplebound.  Originally published in Univers, No. 10 (1977).  Translation and adaptation by Mary Beach of “To Talk for Joe” (published in Transatlantic Review,  No. 60 (June 1977); see Section C below).  No equivalent English-language edition."
A79,Words of Advice for Young People,A,Words of Advice for Young People,2001,"[Encinitas, Calif.]: FreeThought Publications","(FreeThought Flyer, No. 16) Staplebound. Cover photo of Burroughs by Michael Montfort. Limited to 250 numbered and 26 lettered copies signed by the photographer. Includes five copies stamped “publisher’s copy.” [Shoaf 2]"
A80,Everything Lost: The Latin American Notebook of William S. Burroughs,A,Everything Lost: The Latin American Notebook of William S. Burroughs,2008,"Columbus, Ohio: The Ohio State University Press","General editors, Geoffrey D. Smith and John M. Bennett; volume editor, Oliver Harris. Hardbound (issued without dustjacket).  ""... written by William Burroughs in Latin America during July and August 1953 ..."" - Introduction."
A81,And the Hippos Were Boiled in Their Tanks,A,And the Hippos Were Boiled in Their Tanks,2008,New York: Grove Press,"With Jack Kerouac. 1st ed. Hardbound in dustjacket. Written by the authors in 1945 as a fictionalized account of Lucien Carr’s relationship with, and eventual murder of, David Kammerer. “Will Dennison chapters written by William Lee, Mike Ryko chapters by John Kerouac.”—p. [1]."
A82,The Travel Agency Is on Fire,A,The Travel Agency Is on Fire,2015,"New York: The Center for the Humanities, The Graduate Center, The City University of New York","Alex Wermer-Colan, ed. (Lost and Found: The CUNY Poetics Document Initiative; Ser. 5, No. 2) Staplebound. “Various cut-ups by William S. Burroughs courtesy of Ohio State University’s Rare Books & Manuscripts Library and the New York Public Library’s Henry W. and Albert A. Berg Collection of English and American Literature ...”—T.p. verso. 1. [Promotional Postcard]. [New York: The Center for the Humanities, The Graduate Center, The City University of New York, 2015.] On recto: “William S. Burroughs and Kathy Acker at Cold City Gallery in 1989.” (B&W photo by Byron James Bignell.)"